Business Name,Profile,Phone,Address,Website,Rating,Review Count
Dimov Tax Services,https://www.yelp.com/biz/dimov-tax-services-san-francisco-2?osq=accountants,(866) 264-4435,"555 4th St
San Francisco, CA 94107",https://www.dimovtax.com,5.0,15.0
Jutta Reichert Associates,https://www.yelp.com/biz/jutta-reichert-associates-san-francisco-2?osq=accountants,(415) 290-6641,"2250 Union St
Ste 301
San Francisco, CA 94123",https://www.jreichert.com,5.0,9.0
BOL Global,https://www.yelp.com/biz/bol-global-san-francisco-4?osq=accountants,(415) 409-0010,"2830 Geary Blvd
San Francisco, CA 94118",https://www.www.bolglobalcpa.com,5.0,10.0
Tax Break-ers,https://www.yelp.com/biz/tax-break-ers-san-francisco-2?osq=accountants,(415) 886-1013,"275 6th Ave
Ste 103
San Francisco, CA 94118",https://www.www.taxbreakerscpa.com,5.0,4.0
BookSoEasy,https://www.yelp.com/biz/booksoeasy-san-francisco?osq=accountants,(415) 244-7622,"1459 18th St
Ste 246
San Francisco, CA 94107",https://www.www.booksoeasy.com,5.0,2.0
Flex Tax and Consulting Group,https://www.yelp.com/biz/flex-tax-and-consulting-group-san-francisco?osq=accountants,(415) 860-6288,"1160 Battery St E
Ste 100
San Francisco, CA 94111",https://www.flextcg.com,5.0,15.0
"Melissa Fong, CPA",https://www.yelp.com/biz/melissa-fong-cpa-san-francisco-3?osq=accountants,(415) 424-0740,"San Francisco, CA 94122",Not Listed,5.0,2.0
"Vladislav Pelevin, CFA, CPA",https://www.yelp.com/biz/vladislav-pelevin-cfa-cpa-san-francisco?osq=accountants,(415) 887-8078,"2309 Noriega St
Ste 3
San Francisco, CA 94122",https://www.www.vladpelevin.com,5.0,10.0
Rudy Cortes Tax Service,https://www.yelp.com/biz/rudy-cortes-tax-service-san-francisco?osq=accountants,(415) 550-2415,"3488 Mission St
San Francisco, CA 94110",Not Listed,5.0,2.0
Liberty Tax Service,https://www.yelp.com/biz/liberty-tax-service-san-francisco-15?osq=accountants,(415) 282-4829,"3243 Mission St
San Francisco, CA 94110",https://www.www.sftaxgroup.com,5.0,16.0
"Ted Dubasik, CPA",https://www.yelp.com/biz/ted-dubasik-cpa-san-francisco-3?osq=accountants,(415) 670-9272,"1717 Lyon St
San Francisco, CA 94115",https://www.,5.0,2.0
JCE Financial CPA,https://www.yelp.com/biz/jce-financial-cpa-san-francisco?osq=accountants,(415) 393-8076,"One Hallidie Plz
Ste 304
San Francisco, CA 94102",https://www.www.jcefinancialcpa.com,5.0,6.0
Millie Yang,https://www.yelp.com/biz/millie-yang-san-francisco-2?osq=accountants,(415) 564-4399,"2312 32nd Ave
San Francisco, CA 94116",Not Listed,5.0,2.0
Tony Quach & Co. CPA,https://www.yelp.com/biz/tony-quach-and-co-cpa-san-francisco-3?osq=accountants,(415) 771-1800,"1 Hallidie Plz
Ste 403
San Francisco, CA 94102",https://www.www.tonyquach.com,5.0,6.0
Safe Harbor CPAs and Tax Consultants,https://www.yelp.com/biz/safe-harbor-cpas-and-tax-consultants-san-francisco-3?osq=accountants,(415) 742-4249,"5812 Geary Blvd
San Francisco, CA 94121",https://www.?utm_source=yelp&utm_medium=yelp&utm_campaign=yelp,5.0,5.0
Christopher Detzer,https://www.yelp.com/biz/christopher-detzer-oakland-2?osq=accountants,(510) 735-9919,"350 Oakland Ave
Oakland, CA 94611",Not Listed,5.0,4.0
Kugelman Law Tax & Cryptocurrency Attorneys,https://www.yelp.com/biz/kugelman-law-tax-and-cryptocurrency-attorneys-san-francisco?osq=accountants,(415) 968-1780,"Two Embarcadero Ctr
Fl 8
San Francisco, CA 94111",https://www.kugelmanlaw.com,5.0,2.0
All About Your Taxes,https://www.yelp.com/biz/all-about-your-taxes-san-bruno?osq=accountants,(650) 410-5952,"358 El Camino Real
San Bruno, CA 94066",https://www.AllAboutYourTaxes.com,5.0,4.0
Aigul CPA & Associates,https://www.yelp.com/biz/aigul-cpa-and-associates-san-francisco?osq=accountants,(415) 334-0156,"4178 Mission St
San Francisco, CA 94112",https://www.www.aigulcpa.com,5.0,15.0
Cheryl L Green,https://www.yelp.com/biz/cheryl-l-green-san-francisco?osq=accountants,(415) 587-1054,"2477 Diamond St
San Francisco, CA 94131",Not Listed,5.0,1.0
Gillingham CPA,https://www.yelp.com/biz/gillingham-cpa-san-francisco?osq=accountants,Not Listed,"545 Market St
San Francisco, CA 94104",https://www.www.gillinghamcpa.com,5.0,3.0
Douglas Greenberg,https://www.yelp.com/biz/douglas-greenberg-san-francisco-4?osq=accountants,(415) 287-9990,"201 Spear St
Ste 1100
San Francisco, CA 94105",https://www.,5.0,3.0
Kelly Tax SF,https://www.yelp.com/biz/kelly-tax-sf-san-francisco?osq=accountants,(415) 793-5971,"319 W Portal Ave
San Francisco, CA 94127",https://www.Kellytaxsf.com,5.0,2.0
Moskowitz LLP,https://www.yelp.com/biz/moskowitz-llp-san-francisco-8?osq=accountants,(415) 394-7200,"201 California St
Ste 640
San Francisco, CA 94111",https://www.www.moskowitzllp.com,1.0,2.0
Matax,https://www.yelp.com/biz/matax-san-francisco?osq=accountants,(585) 566-2829,"584 Castro St
Ste 612
San Francisco, CA 94114",https://www.mataxhq.com,5.0,2.0
"Vivian Chen, CPA / HCCPA",https://www.yelp.com/biz/hccpa-oakland-4?osq=accountants,(415) 564-4710,"1492 11th Ave
San Francisco, CA 94122",Not Listed,5.0,2.0
"Edward Milber & Company, CPA",https://www.yelp.com/biz/edward-milber-and-company-cpa-san-francisco?osq=accountants,(415) 746-9290,"580 California St
Ste 1200
San Francisco, CA 94104",https://www.www.kaufmannadvisors.com,5.0,8.0
Kaufmann Advisors,https://www.yelp.com/biz/kaufmann-advisors-san-francisco-4?osq=accountants,(415) 682-9100,"801 Portola Dr
Ste 107
San Francisco, CA 94127",Not Listed,5.0,2.0
Walter Louie & Associates,https://www.yelp.com/biz/walter-louie-and-associates-san-francisco?osq=accountants,(510) 251-6228,"212 9th St
Ste 215
Oakland, CA 94607",https://www.www.hccpa-inc.com,5.0,2.0
Monkey Off Your Back,https://www.yelp.com/biz/monkey-off-your-back-san-francisco?osq=accountants,Not Listed,"3305 Washington St
San Francisco, CA 94118",https://www.www.monkeyoffyourback.com,5.0,8.0
Moskowitz LLP,https://www.yelp.com/biz/moskowitz-llp-san-francisco-8,,,,,
Stallcup & Associates,https://www.yelp.com/biz/stallcup-and-associates-san-francisco-2?osq=accountants,(415) 500-2113,"2595 Mission St
Ste 300
San Francisco, CA 94110",https://www.www.stallcupcpas.com,5.0,2.0
Hager Accounting,https://www.yelp.com/biz/hager-accounting-san-francisco-3?osq=accountants,(415) 742-5128,"638 8th Ave
San Francisco, CA 94118",https://www.www.hageraccounting.com,5.0,6.0
Cathy Root & Associates CPA,https://www.yelp.com/biz/cathy-root-and-associates-cpa-oakland?osq=accountants,(510) 858-9588,"1970 Broadway St
Ste 525
Oakland, CA 94612",https://www.www.cracpa.com,5.0,2.0
Universal Tax Service,https://www.yelp.com/biz/universal-tax-service-san-francisco?osq=accountants,(415) 751-9888,"3107 Geary Blvd
San Francisco, CA 94118",https://www.www.universaltaxservice.com,5.0,2.0
Scalisi & Bernazzani Financial Services,https://www.yelp.com/biz/scalisi-and-bernazzani-financial-services-san-francisco?osq=accountants,(415) 664-5884,"1635 Irving St
San Francisco, CA 94122",Not Listed,5.0,8.0
Taxes Romero,https://www.yelp.com/biz/taxes-romero-san-francisco?osq=accountants,(415) 863-2387,"3358 18th St
San Francisco, CA 94110",Not Listed,4.0,6.0
Apex Bookkeeping,https://www.yelp.com/biz/apex-bookkeeping-san-francisco?osq=accountants,(415) 806-0163,"5235 Diamond Heights Blvd
Ste 209
San Francisco, CA 94131",https://www.www.apexbookkeepingsf.com,5.0,8.0
"Mary M. Geong, CPA EA MBA",https://www.yelp.com/biz/mary-m-geong-cpa-ea-mba-piedmont-2?osq=accountants,(510) 654-4417,"1415 Grand Ave
Piedmont, CA 94610",Not Listed,5.0,2.0
Tax Magic CPA - Temp. CLOSED,https://www.yelp.com/biz/tax-magic-cpa-san-francisco-2?osq=accountants,(415) 609-2609,"San Francisco, CA 94116",Not Listed,5.0,3.0
H&R Block,https://www.yelp.com/biz/h-and-r-block-san-francisco-21?osq=accountants,Not Listed,"San Francisco, CA 94115",https://www.thesomethod.com,5.0,7.0
Lillian So,https://www.yelp.com/biz/lillian-so-san-francisco-2?osq=accountants,(510) 355-0492,"1151 Harbor Bay Pkwy
Ste 202
Alameda, CA 94502",https://www.www.skaccountancy.com,5.0,2.0
SK Accountancy Corporation,https://www.yelp.com/biz/sk-accountancy-corporation-alameda?osq=accountants,(925) 822-8663,"2120 University Ave
Berkeley, CA 94704",https://www.www.cloudnbooks.com,5.0,2.0
Cloud nâ€™ Books,https://www.yelp.com/biz/cloud-n-books-berkeley?osq=accountants,(888) 381-8289,"430 Anza St
San Francisco, CA 94118",https://www.www.frezzahaynes.com,5.0,1.0
Frezza Haynes,https://www.yelp.com/biz/frezza-haynes-san-francisco-2?osq=accountants,(510) 992-3499,"Albany, CA 94706",https://www.www.mybooksntaxes.com,5.0,2.0
My Books and Taxes,https://www.yelp.com/biz/my-books-and-taxes-albany-3?osq=accountants,(415) 821-3200,"300 Vicksburg St
Ste 1
San Francisco, CA 94114",Not Listed,5.0,2.0
The Tax Managers,https://www.yelp.com/biz/the-tax-managers-san-francisco?osq=accountants,(415) 241-0318,"2370 Market St
San Francisco, CA 94114",https://www.4793?otppartnerid=9308&campaignid=pw_mcm_9308_9760,1.0,4.0
Cortes Tax Service,https://www.yelp.com/biz/cortes-tax-service-san-francisco-2?osq=accountants,(415) 641-4292,"3750 Mission St
San Francisco, CA 94110",https://www.www.cortestaxservice.com,5.0,3.0
"Michael J McPartlan, CPA",https://www.yelp.com/biz/michael-j-mcpartlan-cpa-san-francisco?osq=accountants,(415) 377-1405,"3818 Pacheco Street
San Francisco, CA 94116",https://www.mcpartlancpa.com,5.0,7.0
Run Right Business Consulting,https://www.yelp.com/biz/run-right-business-consulting-san-francisco?osq=accountants,(415) 609-6848,"San Francisco, CA 94110",https://www.www.runrightconsulting.com,5.0,126.0
